GEOID,,,,,,
17031811302,,,,,,
17031831600,,,,,,
17031831500,,,,,,
17031811402,,,,,,
17031816600,,,,,,
17031811301,,,,,,
17031812100,,,,,,
17031190401,,,,,,
17031811100,,,,,,
17031816200,,,,,,
17031230500,,,,,,
17031220702,,,,,,
17031210501,,,,,,
17031220902,,,,,,
17031230700,,,,,,
17031210602,,,,,,
17031230300,,,,,,
17031230600,,,,,,
17031231200,,,,,,
17031222700,,,,,,
17031062900,,,,,,
17031063303,,,,,,
17031063302,,,,,,
17031063200,,,,,,
17031222200,,,,,,
17031832200,,,,,,
17031051400,,,,,,
17031051100,,,,,,
17031062500,,,,,,
17031240300,,,,,,
17031221300,,,,,,
17031221500,,,,,,
17031230100,,,,,,
17031832300,,,,,,
17031251300,,,,,,
17031251200,,,,,,
17031251100,,,,,,
17031250600,,,,,,
17031250200,,,,,,
17031250300,,,,,,
17031191200,,,,,,
17031190702,,,,,,
17031242300,,,,,,
17031242200,,,,,,
17031240900,,,,,,
17031241000,,,,,,
17031241400,,,,,,
17031241500,,,,,,
17031242500,,,,,,
17031081000,,,,,,
17031070200,,,,,,
17031081202,,,,,,
17031081201,,,,,,
17031081300,,,,,,
17031070500,,,,,,
17031242000,,,,,,
17031081401,,,,,,
17031071500,,,,,,
17031080100,,,,,,
17031818800,,,,,,
17031818600,,,,,,
17031818402,,,,,,
17031818100,,,,,,
17031818000,,,,,,
17031817900,,,,,,
17031817700,,,,,,
17031812302,,,,,,
17031812301,,,,,,
17031813200,,,,,,
17031812400,,,,,,
17031812700,,,,,,
17031813000,,,,,,
17031813100,,,,,,
17031831400,,,,,,
17031814000,,,,,,
17031813900,,,,,,
17031814800,,,,,,
17031813500,,,,,,
17031813600,,,,,,
17031814700,,,,,,
17031815100,,,,,,
17031820202,,,,,,
17031561000,,,,,,
17031560900,,,,,,
17031820901,,,,,,
17031821001,,,,,,
17031561100,,,,,,
17031821002,,,,,,
17031821101,,,,,,
17031820502,,,,,,
17031820603,,,,,,
17031819200,,,,,,
17031819100,,,,,,
17031815701,,,,,,
17031814500,,,,,,
17031815400,,,,,,
17031815600,,,,,,
17031820700,,,,,,
17031817102,,,,,,
17031816402,,,,,,
17031817400,,,,,,
17031816000,,,,,,
17031817101,,,,,,
17031817300,,,,,,
17031817500,,,,,,
17031816900,,,,,,
17031816500,,,,,,
17031820103,,,,,,
17031819400,,,,,,
17031819801,,,,,,
17031819700,,,,,,
17031819600,,,,,,
17031819500,,,,,,
17031819802,,,,,,
17031819300,,,,,,
17031390300,,,,,,
17031390200,,,,,,
17031390600,,,,,,
17031390100,,,,,,
17031390700,,,,,,
17031420200,,,,,,
17031410800,,,,,,
17031410100,,,,,,
17031411100,,,,,,
17031410900,,,,,,
17031411000,,,,,,
17031410700,,,,,,
17031381500,,,,,,
17031381400,,,,,,
17031381800,,,,,,
17031381200,,,,,,
17031381900,,,,,,
17031836000,,,,,,
17031330200,,,,,,
17031283800,,,,,,
17031081500,,,,,,
17031832900,,,,,,
17031081403,,,,,,
17031330100,,,,,,
17031081402,,,,,,
17031310700,,,,,,
17031320600,,,,,,
17031320100,,,,,,
17031836100,,,,,,
17031834500,,,,,,
17031400300,,,,,,
17031400500,,,,,,
17031400800,,,,,,
17031420400,,,,,,
17031836200,,,,,,
17031835900,,,,,,
17031340600,,,,,,
17031351400,,,,,,
17031351500,,,,,,
17031836500,,,,,,
17031360200,,,,,,
17031836400,,,,,,
17031670900,,,,,,
17031611000,,,,,,
17031834800,,,,,,
17031835700,,,,,,
17031670100,,,,,,
17031680600,,,,,,
17031600700,,,,,,
17031600600,,,,,,
17031840100,,,,,,
17031340300,,,,,,
17031350100,,,,,,
17031351000,,,,,,
17031839200,,,,,,
17031841000,,,,,,
17031842000,,,,,,
17031242800,,,,,,
17031837800,,,,,,
17031243000,,,,,,
17031243200,,,,,,
17031243300,,,,,,
17031243400,,,,,,
17031271800,,,,,,
17031590600,,,,,,
17031840300,,,,,,
17031301100,,,,,,
17031301200,,,,,,
17031630200,,,,,,
17031611500,,,,,,
17031611400,,,,,,
17031580501,,,,,,
17031580600,,,,,,
17031580700,,,,,,
17031610300,,,,,,
17031630500,,,,,,
17031611600,,,,,,
17031630100,,,,,,
17031660500,,,,,,
17031660600,,,,,,
17031660400,,,,,,
17031835000,,,,,,
17031620400,,,,,,
17031630900,,,,,,
17031630800,,,,,,
17031835100,,,,,,
17031660900,,,,,,
17031291600,,,,,,
17031843000,,,,,,
17031292400,,,,,,
17031260900,,,,,,
17031290900,,,,,,
17031261000,,,,,,
17031310900,,,,,,
17031813302,,,,,,
17031838600,,,,,,
17031841600,,,,,,
17031620100,,,,,,
17031560400,,,,,,
17031570400,,,,,,
17031570100,,,,,,
17031560100,,,,,,
17031560200,,,,,,
17031570300,,,,,,
17031570500,,,,,,
17031814200,,,,,,
17031301801,,,,,,
17031301803,,,,,,
17031301702,,,,,,
17031301802,,,,,,
17031300500,,,,,,
17031813802,,,,,,
17031814300,,,,,,
17031640700,,,,,,
17031835200,,,,,,
17031980100,,,,,,
17031640100,,,,,,
17031640800,,,,,,
17031650200,,,,,,
17031251500,,,,,,
17031251900,,,,,,
17031260400,,,,,,
17031231500,,,,,,
17031271400,,,,,,
17031251700,,,,,,
17031252102,,,,,,
17031252202,,,,,,
17031260500,,,,,,
17031260800,,,,,,
17031661000,,,,,,
17031672000,,,,,,
17031671500,,,,,,
17031834900,,,,,,
17031671400,,,,,,
17031671300,,,,,,
17031671200,,,,,,
17031681100,,,,,,
17031671600,,,,,,
17031440102,,,,,,
17031691500,,,,,,
17031841800,,,,,,
17031430400,,,,,,
17031440101,,,,,,
17031430102,,,,,,
17031430700,,,,,,
17031431400,,,,,,
17031431301,,,,,,
17031431302,,,,,,
17031842500,,,,,,
17031420700,,,,,,
17031420800,,,,,,
17031834400,,,,,,
17031690400,,,,,,
17031691000,,,,,,
17031691300,,,,,,
17031421200,,,,,,
17031690900,,,,,,
17031691400,,,,,,
17031440201,,,,,,
17031843900,,,,,,
17031430200,,,,,,
17031430500,,,,,,
17031430900,,,,,,
17031430101,,,,,,
17031430600,,,,,,
17031430800,,,,,,
17031431200,,,,,,
17031420100,,,,,,
17031680900,,,,,,
17031681200,,,,,,
17031710100,,,,,,
17031691100,,,,,,
17031690300,,,,,,
17031691200,,,,,,
17031681300,,,,,,
17031710800,,,,,,
17031710400,,,,,,
17031710300,,,,,,
17031710200,,,,,,
17031711200,,,,,,
17031711100,,,,,,
17031200200,,,,,,
17031161300,,,,,,
17031200300,,,,,,
17031190300,,,,,,
17031151001,,,,,,
17031150800,,,,,,
17031190200,,,,,,
17031190800,,,,,,
17031831700,,,,,,
17031151002,,,,,,
17031190100,,,,,,
17031252000,,,,,,
17031813301,,,,,,
17031251000,,,,,,
17031831300,,,,,,
17031260600,,,,,,
17031251600,,,,,,
17031810701,,,,,,
17031170100,,,,,,
17031150402,,,,,,
17031190402,,,,,,
17031770902,,,,,,
17031811000,,,,,,
17031815900,,,,,,
17031812200,,,,,,
17031812500,,,,,,
17031812600,,,,,,
17031812801,,,,,,
17031818200,,,,,,
17031250500,,,,,,
17031812900,,,,,,
17031820501,,,,,,
17043845810,,,,,,
17043845508,,,,,,
17043845507,,,,,,
17043845805,,,,,,
17043845902,,,,,,
17043845811,,,,,,
17043845602,,,,,,
17043844901,,,,,,
17043845000,,,,,,
17043845200,,,,,,
17043845300,,,,,,
17043844701,,,,,,
17043844702,,,,,,
17043845601,,,,,,
17043845100,,,,,,
17043844801,,,,,,
17043844100,,,,,,
17043840705,,,,,,
17043840703,,,,,,
17043844001,,,,,,
17043844602,,,,,,
17043844502,,,,,,
17043844601,,,,,,
17043842702,,,,,,
17043842703,,,,,,
17043842704,,,,,,
17043842400,,,,,,
17043844402,,,,,,
17043844401,,,,,,
17043840102,,,,,,
17043844305,,,,,,
17043840104,,,,,,
17043845506,,,,,,
17043845510,,,,,,
17043845509,,,,,,
17043845502,,,,,,
17043845402,,,,,,
17043845401,,,,,,
17031816700,,,,,,
17031811401,,,,,,
17031816300,,,,,,
17031811200,,,,,,
17031170600,,,,,,
17031820101,,,,,,
17031811600,,,,,,
17031818401,,,,,,
17031820201,,,,,,
17043846004,,,,,,
17043846314,,,,,,
17043845701,,,,,,
17043844902,,,,,,
17043846307,,,,,,
17043844802,,,,,,
17043845702,,,,,,
17043845704,,,,,,
17043846002,,,,,,
17043846308,,,,,,
17043845703,,,,,,
17043845809,,,,,,
17043845802,,,,,,
17043845807,,,,,,
17043845505,,,,,,
17197880303,,,,,,
17197880503,,,,,,
17197880105,,,,,,
17197880107,,,,,,
17197880115,,,,,,
17197880111,,,,,,
17197880109,,,,,,
17043845803,,,,,,
17031824003,,,,,,
17197881002,,,,,,
17197881006,,,,,,
17197881011,,,,,,
17031823801,,,,,,
17043845808,,,,,,
17043845901,,,,,,
17031824005,,,,,,
17031824004,,,,,,
17031824006,,,,,,
17197880116,,,,,,
17197880117,,,,,,
17197880118,,,,,,
17197880121,,,,,,
17197880204,,,,,,
17197880202,,,,,,
17197880203,,,,,,
17197880106,,,,,,
17197880114,,,,,,
17197880113,,,,,,
17197880112,,,,,,
17197880313,,,,,,
17197880309,,,,,,
17197880306,,,,,,
17197880120,,,,,,
17197880304,,,,,,
17197880119,,,,,,
17197880305,,,,,,
17197880307,,,,,,
17197880410,,,,,,
17197880404,,,,,,
17197880408,,,,,,
17197880310,,,,,,
17197880314,,,,,,
17197880308,,,,,,
17197880411,,,,,,
17197880415,,,,,,
17197880416,,,,,,
17197881012,,,,,,
17197880502,,,,,,
17197881001,,,,,,
17197881005,,,,,,
17197880505,,,,,,
17197881010,,,,,,
17197880701,,,,,,
17197881009,,,,,,
17043841208,,,,,,
17043841204,,,,,,
17043841207,,,,,,
17043840910,,,,,,
17043840904,,,,,,
17043841607,,,,,,
17043841503,,,,,,
17043841603,,,,,,
17043841401,,,,,,
17043841403,,,,,,
17043841404,,,,,,
17043841606,,,,,,
17043846313,,,,,,
17043846312,,,,,,
17043846003,,,,,,
17043846315,,,,,,
17043842604,,,,,,
17043842602,,,,,,
17043842601,,,,,,
17043842711,,,,,,
17043842200,,,,,,
17043842706,,,,,,
17043842709,,,,,,
17043842710,,,,,,
17043842708,,,,,,
17043846103,,,,,,
17043846209,,,,,,
17043846208,,,,,,
17043846104,,,,,,
17043846205,,,,,,
17043846102,,,,,,
17043846202,,,,,,
17043846106,,,,,,
17043846201,,,,,,
17043846311,,,,,,
17043846207,,,,,,
17043846203,,,,,,
17043846206,,,,,,
17043846310,,,,,,
17043846304,,,,,,
17043846305,,,,,,
17043846522,,,,,,
17043846524,,,,,,
17043846523,,,,,,
17043846404,,,,,,
17043846405,,,,,,
17043846412,,,,,,
17043846504,,,,,,
17043846519,,,,,,
17043846521,,,,,,
17043846413,,,,,,
17043846513,,,,,,
17043846514,,,,,,
17043846510,,,,,,
17043841313,,,,,,
17043841326,,,,,,
17043841327,,,,,,
17043841307,,,,,,
17043841324,,,,,,
17043841320,,,,,,
17043841312,,,,,,
17043841604,,,,,,
17043841605,,,,,,
17043841501,,,,,,
17043841504,,,,,,
17043840911,,,,,,
17043841705,,,,,,
17043840908,,,,,,
17043846604,,,,,,
17043843301,,,,,,
17043846702,,,,,,
17043843100,,,,,,
17043841205,,,,,,
17043841206,,,,,,
17043841704,,,,,,
17043841210,,,,,,
17043841703,,,,,,
17043842605,,,,,,
17043842300,,,,,,
17043841902,,,,,,
17043842603,,,,,,
17043841802,,,,,,
17043841801,,,,,,
17043841901,,,,,,
17043842000,,,,,,
17043842500,,,,,,
17043842100,,,,,,
17043843200,,,,,,
17043844307,,,,,,
17043844306,,,,,,
17043843700,,,,,,
17043843800,,,,,,
17043844501,,,,,,
17031811702,,,,,,
17043842900,,,,,,
17031816800,,,,,,
17043844002,,,,,,
17043843500,,,,,,
17043844304,,,,,,
17043844201,,,,,,
17043844301,,,,,,
17043843601,,,,,,
17043843602,,,,,,
17043844202,,,,,,
17043841706,,,,,,
17043843302,,,,,,
17031839600,,,,,,
17031351100,,,,,,
17031839500,,,,,,
17031320400,,,,,,
17031380200,,,,,,
17031380500,,,,,,
17031380100,,,,,,
17031836300,,,,,,
17031410200,,,,,,
17031381700,,,,,,
17031390400,,,,,,
17031390500,,,,,,
17031610800,,,,,,
17031380700,,,,,,
17031843600,,,,,,
17031835800,,,,,,
17031580502,,,,,,
17031660700,,,,,,
17031671100,,,,,,
17031670400,,,,,,
17031670300,,,,,,
17031670200,,,,,,
17031834700,,,,,,
17031611700,,,,,,
17031430300,,,,,,
17031420600,,,,,,
17031420500,,,,,,
17031420300,,,,,,
17031400400,,,,,,
17031411200,,,,,,
17031410500,,,,,,
17031690500,,,,,,
17031410600,,,,,,
17031700100,,,,,,
17031671900,,,,,,
17031671800,,,,,,
17031681400,,,,,,
17031661100,,,,,,
17089854002,,,,,,
17089854400,,,,,,
17089854302,,,,,,
17089854200,,,,,,
17089854301,,,,,,
17089853600,,,,,,
17089852300,,,,,,
17089852002,,,,,,
17089852202,,,,,,
17043846518,,,,,,
17043846511,,,,,,
17043846515,,,,,,
17197880312,,,,,,
17089852903,,,,,,
17089852904,,,,,,
17043846517,,,,,,
17043846408,,,,,,
17043846507,,,,,,
17043846410,,,,,,
17043846411,,,,,,
17043846509,,,,,,
17043846409,,,,,,
17093890101,,,,,,
17093890301,,,,,,
17093890302,,,,,,
17093890202,,,,,,
17093890201,,,,,,
17089853005,,,,,,
17089853007,,,,,,
17089852905,,,,,,
17089853400,,,,,,
17089852906,,,,,,
17089853500,,,,,,
17089852907,,,,,,
17089853300,,,,,,
17089852806,,,,,,
17089852805,,,,,,
17089852808,,,,,,
17089852807,,,,,,
17089852700,,,,,,
17089852606,,,,,,
17089854800,,,,,,
17089852601,,,,,,
17089852500,,,,,,
17195001600,,,,,,
17195001500,,,,,,
17195001400,,,,,,
17103000500,,,,,,
17103000200,,,,,,
17103000800,,,,,,
17103000100,,,,,,
17103000700,,,,,,
17103000900,,,,,,
17037001800,,,,,,
17103000300,,,,,,
17103000400,,,,,,
17103000600,,,,,,
17089854503,,,,,,
17089854504,,,,,,
17037001700,,,,,,
17089854501,,,,,,
17037001500,,,,,,
17089852402,,,,,,
17089852403,,,,,,
17037001300,,,,,,
17089853001,,,,,,
17089854001,,,,,,
17089853006,,,,,,
17099961701,,,,,,
17093890600,,,,,,
17037002100,,,,,,
17093890102,,,,,,
17093890400,,,,,,
17093890500,,,,,,
17037002000,,,,,,
17037001900,,,,,,
17089853100,,,,,,
17089854700,,,,,,
17089853200,,,,,,
17089853900,,,,,,
17089853004,,,,,,
17089854100,,,,,,
17195000600,,,,,,
17195000400,,,,,,
17195000700,,,,,,
17195000500,,,,,,
17195000800,,,,,,
17195000100,,,,,,
17195001800,,,,,,
17195001700,,,,,,
17031242600,,,,,,
17031241300,,,,,,
17031240600,,,,,,
17031240500,,,,,,
17031240200,,,,,,
17031832400,,,,,,
17031221400,,,,,,
17031838300,,,,,,
17031080202,,,,,,
17031080400,,,,,,
17031080300,,,,,,
17031080201,,,,,,
17031071600,,,,,,
17031071400,,,,,,
17031071700,,,,,,
17031071300,,,,,,
17031081100,,,,,,
17031241600,,,,,,
17031833000,,,,,,
17031842200,,,,,,
17031243500,,,,,,
17031071200,,,,,,
17031071800,,,,,,
17031071000,,,,,,
17031832600,,,,,,
17031071100,,,,,,
17031842300,,,,,,
17031280800,,,,,,
17031838000,,,,,,
17031837000,,,,,,
17031838100,,,,,,
17031280100,,,,,,
17031081700,,,,,,
17031081600,,,,,,
17031081800,,,,,,
17031081900,,,,,,
17031839100,,,,,,
17031062400,,,,,,
17031062700,,,,,,
17031070600,,,,,,
17031062300,,,,,,
17031062800,,,,,,
17031070103,,,,,,
17031070102,,,,,,
17031063400,,,,,,
17031063301,,,,,,
17031063100,,,,,,
17031070101,,,,,,
17031070300,,,,,,
17031063000,,,,,,
17031062100,,,,,,
17031062000,,,,,,
17031061901,,,,,,
17031832000,,,,,,
17031061800,,,,,,
17031061902,,,,,,
17031060900,,,,,,
17031060300,,,,,,
17031060400,,,,,,
17031061100,,,,,,
17031832100,,,,,,
17031060800,,,,,,
17031061000,,,,,,
17031061200,,,,,,
17031060200,,,,,,
17031060100,,,,,,
17031031900,,,,,,
17031031700,,,,,,
17031830700,,,,,,
17031031400,,,,,,
17031031501,,,,,,
17031031000,,,,,,
17031031200,,,,,,
17031031300,,,,,,
17031030900,,,,,,
17031030706,,,,,,
17031030703,,,,,,
17031050800,,,,,,
17031050700,,,,,,
17031051200,,,,,,
17031051300,,,,,,
17031062600,,,,,,
17031070700,,,,,,
17031808302,,,,,,
17031808500,,,,,,
17031806900,,,,,,
17031807400,,,,,,
17031807300,,,,,,
17031801000,,,,,,
17031800700,,,,,,
17031030103,,,,,,
17031030104,,,,,,
17031010400,,,,,,
17031100600,,,,,,
17031100400,,,,,,
17031100300,,,,,,
17031100200,,,,,,
17031090200,,,,,,
17031808200,,,,,,
17031802100,,,,,,
17031802200,,,,,,
17031808400,,,,,,
17031030800,,,,,,
17031130200,,,,,,
17031140400,,,,,,
17031030603,,,,,,
17031030601,,,,,,
17031030102,,,,,,
17031030702,,,,,,
17031030604,,,,,,
17031040100,,,,,,
17031130100,,,,,,
17031110502,,,,,,
17031110501,,,,,,
17031110300,,,,,,
17031110200,,,,,,
17031120400,,,,,,
17031110100,,,,,,
17031120100,,,,,,
17031807700,,,,,,
17031120200,,,,,,
17031801200,,,,,,
17031800600,,,,,,
17031800400,,,,,,
17031801100,,,,,,
17031800300,,,,,,
17031807100,,,,,,
17031809600,,,,,,
17031809500,,,,,,
17031809200,,,,,,
17031809300,,,,,,
17031808900,,,,,,
17031808800,,,,,,
17031806700,,,,,,
17031806802,,,,,,
17031810200,,,,,,
17031808702,,,,,,
17031810000,,,,,,
17031010100,,,,,,
17031809900,,,,,,
17031010300,,,,,,
17031810100,,,,,,
17031010201,,,,,,
17031020200,,,,,,
17031810301,,,,,,
17031807200,,,,,,
17031807600,,,,,,
17031020100,,,,,,
17031810302,,,,,,
17031808001,,,,,,
17031808002,,,,,,
17031130300,,,,,,
17031020702,,,,,,
17031020802,,,,,,
17031020602,,,,,,
17031020701,,,,,,
17031020801,,,,,,
17031020301,,,,,,
17031010701,,,,,,
17031830600,,,,,,
17031030300,,,,,,
17031010600,,,,,,
17031030500,,,,,,
17031010503,,,,,,
17031020500,,,,,,
17031030400,,,,,,
17031010501,,,,,,
17031030200,,,,,,
17031841900,,,,,,
17031283200,,,,,,
17031833300,,,,,,
17031839000,,,,,,
17031833100,,,,,,
17031281900,,,,,,
17031841100,,,,,,
17031310600,,,,,,
17031310400,,,,,,
17031310300,,,,,,
17031310200,,,,,,
17031310500,,,,,,
17031590500,,,,,,
17031580100,,,,,,
17031841300,,,,,,
17031841200,,,,,,
17031842900,,,,,,
17031838200,,,,,,
17031282700,,,,,,
17031843200,,,,,,
17031840400,,,,,,
17031590700,,,,,,
17031839700,,,,,,
17031840200,,,,,,
17031600400,,,,,,
17031839800,,,,,,
17031840000,,,,,,
17031839900,,,,,,
17031600900,,,,,,
17031340500,,,,,,
17031340400,,,,,,
17031350400,,,,,,
17031612100,,,,,,
17031843800,,,,,,
17031835600,,,,,,
17031611200,,,,,,
17031611100,,,,,,
17031842600,,,,,,
17031835500,,,,,,
17031660301,,,,,,
17031660302,,,,,,
17031630400,,,,,,
17031611800,,,,,,
17031580800,,,,,,
17031670500,,,,,,
17031670700,,,,,,
17031611300,,,,,,
17031610400,,,,,,
17031670600,,,,,,
17031834600,,,,,,
17031680500,,,,,,
17031611900,,,,,,
17031612000,,,,,,
17031670800,,,,,,
17031681000,,,,,,
17031160602,,,,,,
17031050300,,,,,,
17031050200,,,,,,
17031050100,,,,,,
17031160601,,,,,,
17031830900,,,,,,
17031210900,,,,,,
17031843700,,,,,,
17031051000,,,,,,
17031160700,,,,,,
17031050500,,,,,,
17031050900,,,,,,
17031040900,,,,,,
17031830800,,,,,,
17031040700,,,,,,
17031040600,,,,,,
17031040402,,,,,,
17031040202,,,,,,
17031040401,,,,,,
17031140800,,,,,,
17031040800,,,,,,
17031140301,,,,,,
17031140100,,,,,,
17031140302,,,,,,
17031831800,,,,,,
17031210400,,,,,,
17031831100,,,,,,
17031161100,,,,,,
17031161000,,,,,,
17031160900,,,,,,
17031210502,,,,,,
17031210601,,,,,,
17031200100,,,,,,
17031161200,,,,,,
17031160200,,,,,,
17031160501,,,,,,
17031160100,,,,,,
17031140500,,,,,,
17031140602,,,,,,
17031140702,,,,,,
17031140701,,,,,,
17031160400,,,,,,
17031160300,,,,,,
17031292200,,,,,,
17031838700,,,,,,
17031291200,,,,,,
17031222800,,,,,,
17031836600,,,,,,
17031230900,,,,,,
17031230200,,,,,,
17031222500,,,,,,
17031240800,,,,,,
17031241100,,,,,,
17031241200,,,,,,
17031242400,,,,,,
17031242100,,,,,,
17031271300,,,,,,
17031837300,,,,,,
17031836700,,,,,,
17031837400,,,,,,
17031280900,,,,,,
17031242900,,,,,,
17031280400,,,,,,
17031282800,,,,,,
17031301600,,,,,,
17031301701,,,,,,
17031300600,,,,,,
17031300700,,,,,,
17031813801,,,,,,
17031843400,,,,,,
17031292500,,,,,,
17031841400,,,,,,
17031813702,,,,,,
17031841700,,,,,,
17031300800,,,,,,
17031840700,,,,,,
17031843300,,,,,,
17031300900,,,,,,
17031840800,,,,,,
17031250400,,,,,,
17031250700,,,,,,
17031831200,,,,,,
17031230400,,,,,,
17031222900,,,,,,
17031250800,,,,,,
17031252101,,,,,,
17031251800,,,,,,
17031260300,,,,,,
17031260700,,,,,,
17031252201,,,,,,
17031260200,,,,,,
17031251400,,,,,,
17031842100,,,,,,
17031815000,,,,,,
17031814900,,,,,,
17031814100,,,,,,
17031813701,,,,,,
17031813400,,,,,,
17031814600,,,,,,
17031810702,,,,,,
17031180100,,,,,,
17031170900,,,,,,
17031170700,,,,,,
17031170800,,,,,,
17031171000,,,,,,
17031810900,,,,,,
17031810800,,,,,,
17031570200,,,,,,
17031620200,,,,,,
17031830500,,,,,,
17031580300,,,,,,
17031630300,,,,,,
17031580200,,,,,,
17031842800,,,,,,
17031580400,,,,,,
17031843500,,,,,,
17031170400,,,,,,
17031170300,,,,,,
17031170500,,,,,,
17031810501,,,,,,
17031810600,,,,,,
17031770901,,,,,,
17031810502,,,,,,
17031151200,,,,,,
17031151100,,,,,,
17031170200,,,,,,
17031150600,,,,,,
17031150200,,,,,,
17031150501,,,,,,
17031150300,,,,,,
17031150502,,,,,,
17031171100,,,,,,
17031150700,,,,,,
17031200401,,,,,,
17031200402,,,,,,
17031220901,,,,,,
17031220602,,,,,,
17031220300,,,,,,
17031221000,,,,,,
17031220400,,,,,,
17031190601,,,,,,
17031190602,,,,,,
17031191302,,,,,,
17031190701,,,,,,
17031191100,,,,,,
17031190900,,,,,,
17031191000,,,,,,
17031191301,,,,,,
17031820300,,,,,,
17031815300,,,,,,
17031816100,,,,,,
17031812802,,,,,,
17031811900,,,,,,
17031815702,,,,,,
17031812000,,,,,,
17031815200,,,,,,
17031815500,,,,,,
17031814400,,,,,,
17031560300,,,,,,
17031560800,,,,,,
17031560700,,,,,,
17031820800,,,,,,
17031650301,,,,,,
17031640400,,,,,,
17031650100,,,,,,
17031820400,,,,,,
17031620300,,,,,,
17031640600,,,,,,
17031640300,,,,,,
17031660800,,,,,,
17031640500,,,,,,
17031650302,,,,,,
17143002702,,,,,,
17143004400,,,,,,
17143000200,,,,,,
17129010300,,,,,,
17125956700,,,,,,
17129010100,,,,,,
17125956800,,,,,,
17179020900,,,,,,
17179021000,,,,,,
17057953300,,,,,,
17179020800,,,,,,
17179020700,,,,,,
17179020600,,,,,,
17057953400,,,,,,
17057953600,,,,,,
17031829401,,,,,,
17031829402,,,,,,
17031828900,,,,,,
17031829600,,,,,,
17031829100,,,,,,
17031829500,,,,,,
17031829700,,,,,,
17031829200,,,,,,
17197883505,,,,,,
17031830003,,,,,,
17031830001,,,,,,
17031830008,,,,,,
17099961702,,,,,,
17099961800,,,,,,
17093890700,,,,,,
17099961900,,,,,,
17091010202,,,,,,
17091010100,,,,,,
17197883904,,,,,,
17197883903,,,,,,
17197883507,,,,,,
17197883602,,,,,,
17197883605,,,,,,
17197883804,,,,,,
17197883603,,,,,,
17197883810,,,,,,
17197883700,,,,,,
17197883809,,,,,,
17197883811,,,,,,
17197883803,,,,,,
17091010300,,,,,,
17091011100,,,,,,
17091010800,,,,,,
17091011300,,,,,,
17091011600,,,,,,
17091011700,,,,,,
17197883517,,,,,,
17197881105,,,,,,
17197883519,,,,,,
17031824117,,,,,,
17197881107,,,,,,
17091011800,,,,,,
17091010500,,,,,,
17091011900,,,,,,
17091010201,,,,,,
17197883509,,,,,,
17197883510,,,,,,
17197881112,,,,,,
17197883516,,,,,,
17197883504,,,,,,
17197881116,,,,,,
17197881111,,,,,,
17197881113,,,,,,
17197881601,,,,,,
17197882802,,,,,,
17197882601,,,,,,
17197882702,,,,,,
17197880905,,,,,,
17197881900,,,,,,
17197882100,,,,,,
17197881200,,,,,,
17197883100,,,,,,
17197884006,,,,,,
17197980000,,,,,,
17053961700,,,,,,
17075950800,,,,,,
17075950700,,,,,,
17075950600,,,,,,
17075950300,,,,,,
17197883211,,,,,,
17197883216,,,,,,
17197883206,,,,,,
17197883215,,,,,,
17197880418,,,,,,
17197880419,,,,,,
17063000103,,,,,,
17063000300,,,,,,
17197884004,,,,,,
17039971700,,,,,,
17039971600,,,,,,
17115002904,,,,,,
17039971800,,,,,,
17115002901,,,,,,
17115002903,,,,,,
17039971400,,,,,,
17147954500,,,,,,
17147954600,,,,,,
17019010603,,,,,,
17019010500,,,,,,
17019010601,,,,,,
17039971500,,,,,,
17019010604,,,,,,
17113000302,,,,,,
17113002101,,,,,,
17113000301,,,,,,
17113005900,,,,,,
17113001303,,,,,,
17113000200,,,,,,
17107953400,,,,,,
17107953100,,,,,,
17107953000,,,,,,
17107953200,,,,,,
17107952900,,,,,,
17107953300,,,,,,
17107953500,,,,,,
17115000500,,,,,,
17115000200,,,,,,
17115000600,,,,,,
17115003100,,,,,,
17115001000,,,,,,
17115001900,,,,,,
17115001700,,,,,,
17115001300,,,,,,
17115001400,,,,,,
17115000400,,,,,,
17115000300,,,,,,
17115001200,,,,,,
17125956600,,,,,,
17057953700,,,,,,
17125956400,,,,,,
17095001200,,,,,,
17143003800,,,,,,
17073030400,,,,,,
17057952800,,,,,,
17161020100,,,,,,
17143004902,,,,,,
17057952900,,,,,,
17143004500,,,,,,
17095000900,,,,,,
17095000500,,,,,,
17095000700,,,,,,
17095000300,,,,,,
17095000400,,,,,,
17071973500,,,,,,
17071973400,,,,,,
17071973300,,,,,,
17131040200,,,,,,
17161024103,,,,,,
17187870100,,,,,,
17187870200,,,,,,
17167000600,,,,,,
17167000503,,,,,,
17167000400,,,,,,
17167000501,,,,,,
17167000100,,,,,,
17031827902,,,,,,
17031827600,,,,,,
17031826202,,,,,,
17031826100,,,,,,
17031825803,,,,,,
17031826000,,,,,,
17183010300,,,,,,
17183010100,,,,,,
17031826700,,,,,,
17031821401,,,,,,
17031750100,,,,,,
17031730700,,,,,,
17031550100,,,,,,
17031520100,,,,,,
17031825700,,,,,,
17031828503,,,,,,
17031828506,,,,,,
17031828505,,,,,,
17031828100,,,,,,
17031828000,,,,,,
17075950100,,,,,,
17197883902,,,,,,
17197883806,,,,,,
17031828504,,,,,,
17197883808,,,,,,
17091011000,,,,,,
17091010900,,,,,,
17019000500,,,,,,
17019005900,,,,,,
17019005800,,,,,,
17019000402,,,,,,
17019000401,,,,,,
17019010800,,,,,,
17019005401,,,,,,
17019005500,,,,,,
17019005600,,,,,,
17019005702,,,,,,
17019010100,,,,,,
17053961800,,,,,,
17053962000,,,,,,
17019010204,,,,,,
17019010400,,,,,,
17183010800,,,,,,
17019000902,,,,,,
17019001206,,,,,,
17019000800,,,,,,
17019000901,,,,,,
17019001100,,,,,,
17019000301,,,,,,
17019000302,,,,,,
17019011100,,,,,,
17019011000,,,,,,
17019010700,,,,,,
17011965300,,,,,,
17011965500,,,,,,
17011965400,,,,,,
17011964900,,,,,,
17011965000,,,,,,
17155954600,,,,,,
17011964700,,,,,,
17063000200,,,,,,
17063000500,,,,,,
17063000600,,,,,,
17063000400,,,,,,
17063000700,,,,,,
17155954500,,,,,,
17011965200,,,,,,
17011965100,,,,,,
17099962100,,,,,,
17099963100,,,,,,
17099963000,,,,,,
17099962000,,,,,,
17099963300,,,,,,
17099963200,,,,,,
17099963400,,,,,,
17099962900,,,,,,
17099963500,,,,,,
17099962800,,,,,,
17099962600,,,,,,
17099962700,,,,,,
17099962300,,,,,,
17099962500,,,,,,
17099963600,,,,,,
17099962200,,,,,,
17099964000,,,,,,
17099963800,,,,,,
17099964300,,,,,,
17099963700,,,,,,
17099962400,,,,,,
17073030900,,,,,,
17073030800,,,,,,
17175951400,,,,,,
17011964800,,,,,,
17175951500,,,,,,
17011965600,,,,,,
17161021700,,,,,,
17161022800,,,,,,
17161022300,,,,,,
17161024500,,,,,,
17161022200,,,,,,
17095000100,,,,,,
17073031100,,,,,,
17073031000,,,,,,
17073031200,,,,,,
17073030600,,,,,,
17073030500,,,,,,
17095000600,,,,,,
17095000200,,,,,,
17161021800,,,,,,
17161021600,,,,,,
17161021500,,,,,,
17131040400,,,,,,
17131040300,,,,,,
17131040100,,,,,,
17161024101,,,,,,
17161024000,,,,,,
17161024200,,,,,,
17161024300,,,,,,
17161024102,,,,,,
17073030201,,,,,,
17073030203,,,,,,
17161020200,,,,,,
17161021000,,,,,,
17161020300,,,,,,
17161020400,,,,,,
17161020600,,,,,,
17073030100,,,,,,
17073030202,,,,,,
17073030300,,,,,,
17161021900,,,,,,
17161024400,,,,,,
17161023000,,,,,,
17161023100,,,,,,
17161022100,,,,,,
17161022000,,,,,,
17161022900,,,,,,
17161023700,,,,,,
17161023500,,,,,,
17161022600,,,,,,
17161023200,,,,,,
17161023300,,,,,,
17161023600,,,,,,
17161021400,,,,,,
17161021300,,,,,,
17161020800,,,,,,
17161020700,,,,,,
17161020900,,,,,,
17161021100,,,,,,
17161021200,,,,,,
17095001400,,,,,,
17095001300,,,,,,
17095001100,,,,,,
17095001000,,,,,,
17095000800,,,,,,
17095001600,,,,,,
17109010100,,,,,,
17187870300,,,,,,
17187870400,,,,,,
17187870500,,,,,,
17143003200,,,,,,
17143002100,,,,,,
17143002200,,,,,,
17143002300,,,,,,
17125956300,,,,,,
17179021802,,,,,,
17143004801,,,,,,
17179021102,,,,,,
17179021101,,,,,,
17179021900,,,,,,
17179021801,,,,,,
17143004901,,,,,,
17179020500,,,,,,
17143004600,,,,,,
17179020400,,,,,,
17143000100,,,,,,
17143004802,,,,,,
17179022400,,,,,,
17179020100,,,,,,
17179021203,,,,,,
17143001200,,,,,,
17143001300,,,,,,
17179021202,,,,,,
17143001600,,,,,,
17179022200,,,,,,
17143001800,,,,,,
17143000300,,,,,,
17143000500,,,,,,
17143000600,,,,,,
17143005000,,,,,,
17143001900,,,,,,
17143000900,,,,,,
17143003300,,,,,,
17143003102,,,,,,
17143003401,,,,,,
17143003900,,,,,,
17143003402,,,,,,
17143003601,,,,,,
17203030501,,,,,,
17203030502,,,,,,
17143001500,,,,,,
17143002500,,,,,,
17143002600,,,,,,
17143004200,,,,,,
17143002900,,,,,,
17143004300,,,,,,
17179021201,,,,,,
17179022300,,,,,,
17143002400,,,,,,
17179021702,,,,,,
17179021604,,,,,,
17179021606,,,,,,
17179021603,,,,,,
17179020302,,,,,,
17179020301,,,,,,
17179021605,,,,,,
17179021500,,,,,,
17143004000,,,,,,
17143004101,,,,,,
17143004102,,,,,,
17143002701,,,,,,
17143002000,,,,,,
17143002800,,,,,,
17143003000,,,,,,
17143003101,,,,,,
17057953000,,,,,,
17125956500,,,,,,
17057953500,,,,,,
17057953200,,,,,,
17095001500,,,,,,
17113001106,,,,,,
17113001200,,,,,,
17113000504,,,,,,
17113000104,,,,,,
17113000502,,,,,,
17113005502,,,,,,
17113005602,,,,,,
17113005601,,,,,,
17053961900,,,,,,
17019010300,,,,,,
17113005501,,,,,,
17113002102,,,,,,
17113001404,,,,,,
17113005800,,,,,,
17113001600,,,,,,
17113001700,,,,,,
17113001800,,,,,,
17113001403,,,,,,
17113001500,,,,,,
17113001302,,,,,,
17099964200,,,,,,
17123961200,,,,,,
17099963900,,,,,,
17099964100,,,,,,
17123961500,,,,,,
17123961100,,,,,,
17123961400,,,,,,
17123961300,,,,,,
17203030400,,,,,,
17203030100,,,,,,
17203030200,,,,,,
17143003700,,,,,,
17143003602,,,,,,
17203030300,,,,,,
17203030700,,,,,,
17053961600,,,,,,
17105960100,,,,,,
17197884005,,,,,,
17197883401,,,,,,
17197883402,,,,,,
17105961000,,,,,,
17105960700,,,,,,
17105960600,,,,,,
17105960500,,,,,,
17105960200,,,,,,
17105960400,,,,,,
17105960800,,,,,,
17105960900,,,,,,
17113005700,,,,,,
17105960300,,,,,,
17113000400,,,,,,
17113000102,,,,,,
17113001301,,,,,,
17113000501,,,,,,
17113005102,,,,,,
17113000105,,,,,,
17179022000,,,,,,
17113006000,,,,,,
17113005201,,,,,,
17113005202,,,,,,
17179021701,,,,,,
17203030602,,,,,,
17203030601,,,,,,
17113001402,,,,,,
17179022100,,,,,,
17113000505,,,,,,
17113001105,,,,,,
17113001103,,,,,,
17113001104,,,,,,
17113005101,,,,,,
17113005400,,,,,,
17031740400,,,,,,
17031740300,,,,,,
17031822801,,,,,,
17031822802,,,,,,
17031740100,,,,,,
17031720500,,,,,,
17031823304,,,,,,
17031823101,,,,,,
17031823604,,,,,,
17031823002,,,,,,
17031823102,,,,,,
17031823605,,,,,,
17031823200,,,,,,
17031823602,,,,,,
17031822602,,,,,,
17031823805,,,,,,
17031823806,,,,,,
17031823903,,,,,,
17031823904,,,,,,
17031823901,,,,,,
17031823803,,,,,,
17031824300,,,,,,
17031823603,,,,,,
17031823400,,,,,,
17031823302,,,,,,
17031823303,,,,,,
17031823500,,,,,,
17031824400,,,,,,
17031822200,,,,,,
17031822500,,,,,,
17031820902,,,,,,
17031821102,,,,,,
17031822101,,,,,,
17031822601,,,,,,
17031700302,,,,,,
17031700402,,,,,,
17031700502,,,,,,
17031700301,,,,,,
17031700200,,,,,,
17031650500,,,,,,
17031650400,,,,,,
17031700401,,,,,,
17031700501,,,,,,
17031820606,,,,,,
17031820604,,,,,,
17031820605,,,,,,
17031823705,,,,,,
17031823702,,,,,,
17031823704,,,,,,
17031823703,,,,,,
17031822900,,,,,,
17031822400,,,,,,
17031822302,,,,,,
17031823001,,,,,,
17031822301,,,,,,
17031740200,,,,,,
17031822702,,,,,,
17031821900,,,,,,
17031822701,,,,,,
17031821800,,,,,,
17031822102,,,,,,
17031821600,,,,,,
17031822000,,,,,,
17031821700,,,,,,
17031834300,,,,,,
17031834200,,,,,,
17031480200,,,,,,
17031450300,,,,,,
17031480100,,,,,,
17031470100,,,,,,
17031460500,,,,,,
17031480300,,,,,,
17031480400,,,,,,
17031460600,,,,,,
17031460302,,,,,,
17031460301,,,,,,
17031833900,,,,,,
17031460700,,,,,,
17031460200,,,,,,
17031460400,,,,,,
17031461000,,,,,,
17031460100,,,,,,
17031480500,,,,,,
17031440202,,,,,,
17031440900,,,,,,
17031490400,,,,,,
17031440800,,,,,,
17031440700,,,,,,
17031711000,,,,,,
17031730201,,,,,,
17031730300,,,,,,
17031710600,,,,,,
17031710700,,,,,,
17031720100,,,,,,
17031710500,,,,,,
17031730202,,,,,,
17031711300,,,,,,
17031711400,,,,,,
17031710900,,,,,,
17031730100,,,,,,
17031842400,,,,,,
17031834000,,,,,,
17031490600,,,,,,
17031440300,,,,,,
17031490300,,,,,,
17031440600,,,,,,
17031711500,,,,,,
17031510100,,,,,,
17031500100,,,,,,
17031510300,,,,,,
17031520200,,,,,,
17031490800,,,,,,
17031510200,,,,,,
17031490500,,,,,,
17031720600,,,,,,
17031720700,,,,,,
17031720400,,,,,,
17031730600,,,,,,
17031720200,,,,,,
17031730400,,,,,,
17031720300,,,,,,
17031520300,,,,,,
17031520400,,,,,,
17031520500,,,,,,
17031520600,,,,,,
17031491100,,,,,,
17031490700,,,,,,
17031491000,,,,,,
17031491300,,,,,,
17031530200,,,,,,
17031730500,,,,,,
17031491200,,,,,,
17031530300,,,,,,
17031750400,,,,,,
17031750500,,,,,,
17031750300,,,,,,
17031750200,,,,,,
17031750600,,,,,,
17031540101,,,,,,
17031550200,,,,,,
17031838800,,,,,,
17031530100,,,,,,
17031500300,,,,,,
17031500200,,,,,,
17031490901,,,,,,
17031490902,,,,,,
17031491400,,,,,,
17031540102,,,,,,
17031821402,,,,,,
17031530502,,,,,,
17031530501,,,,,,
17031530600,,,,,,
17031821500,,,,,,
17031530503,,,,,,
17031821200,,,,,,
17031530400,,,,,,
17031821300,,,,,,
17031824505,,,,,,
17031825000,,,,,,
17031824602,,,,,,
17031824506,,,,,,
17031824601,,,,,,
17031824503,,,,,,
17031824701,,,,,,
17031824702,,,,,,
17031824800,,,,,,
17031824900,,,,,,
17031825600,,,,,,
17031825501,,,,,,
17031825303,,,,,,
17031825302,,,,,,
17031824507,,,,,,
17031825200,,,,,,
17031824106,,,,,,
17031824108,,,,,,
17031824121,,,,,,
17031824107,,,,,,
17031824122,,,,,,
17031824123,,,,,,
17031825304,,,,,,
17031824105,,,,,,
17031824115,,,,,,
17031824113,,,,,,
17031824116,,,,,,
17031824114,,,,,,
17031824120,,,,,,
17031824119,,,,,,
17197883521,,,,,,
17197883522,,,,,,
17197883514,,,,,,
17197883511,,,,,,
17197883513,,,,,,
17031825400,,,,,,
17031825505,,,,,,
17031829901,,,,,,
17031830004,,,,,,
17031825504,,,,,,
17031829902,,,,,,
17031830005,,,,,,
17031827901,,,,,,
17031826201,,,,,,
17031828201,,,,,,
17031828202,,,,,,
17031825900,,,,,,
17031828401,,,,,,
17031825503,,,,,,
17031827700,,,,,,
17031828300,,,,,,
17031828402,,,,,,
17031826800,,,,,,
17031825801,,,,,,
17031825802,,,,,,
17031826402,,,,,,
17031826600,,,,,,
17031827000,,,,,,
17031826500,,,,,,
17031826401,,,,,,
17031826901,,,,,,
17031826902,,,,,,
17031827400,,,,,,
17031827100,,,,,,
17031827500,,,,,,
17031827200,,,,,,
17031827300,,,,,,
17031826301,,,,,,
17031827801,,,,,,
17031827804,,,,,,
17031827802,,,,,,
17031827805,,,,,,
17031826303,,,,,,
17031826304,,,,,,
17031829000,,,,,,
17031829301,,,,,,
17031828802,,,,,,
17031828801,,,,,,
17031828602,,,,,,
17031828701,,,,,,
17031828702,,,,,,
17031829800,,,,,,
17031828601,,,,,,
17201002000,,,,,,
17201001400,,,,,,
17201001800,,,,,,
17201001500,,,,,,
17201003709,,,,,,
17201003708,,,,,,
17201003705,,,,,,
17201001700,,,,,,
17201001900,,,,,,
17037000800,,,,,,
17037000700,,,,,,
17037001600,,,,,,
17089852401,,,,,,
17089852101,,,,,,
17201002400,,,,,,
17201002500,,,,,,
17201002200,,,,,,
17201002100,,,,,,
17201980000,,,,,,
17201002302,,,,,,
17141961600,,,,,,
17141961100,,,,,,
17037001400,,,,,,
17037001001,,,,,,
17037002200,,,,,,
17037000900,,,,,,
17037001002,,,,,,
17031805502,,,,,,
17031805301,,,,,,
17031805302,,,,,,
17031090100,,,,,,
17031805402,,,,,,
17031808100,,,,,,
17031808600,,,,,,
17031807800,,,,,,
17031801702,,,,,,
17031801606,,,,,,
17031800200,,,,,,
17031801500,,,,,,
17031801601,,,,,,
17031801800,,,,,,
17031807000,,,,,,
17031807900,,,,,,
17031806801,,,,,,
17031805902,,,,,,
17031806003,,,,,,
17031805802,,,,,,
17031805600,,,,,,
17031806001,,,,,,
17031801400,,,,,,
17031802002,,,,,,
17031801901,,,,,,
17031802300,,,,,,
17031800500,,,,,,
17031800800,,,,,,
17031802003,,,,,,
17031802004,,,,,,
17031802610,,,,,,
17031806300,,,,,,
17031806501,,,,,,
17031806102,,,,,,
17031806002,,,,,,
17031805901,,,,,,
17097863400,,,,,,
17097863300,,,,,,
17097863202,,,,,,
17097863004,,,,,,
17097865600,,,,,,
17097864901,,,,,,
17097865400,,,,,,
17097864801,,,,,,
17097864700,,,,,,
17097865300,,,,,,
17097864602,,,,,,
17097862401,,,,,,
17097860600,,,,,,
17097861702,,,,,,
17097860200,,,,,,
17097861507,,,,,,
17097861510,,,,,,
17097862300,,,,,,
17097862603,,,,,,
17097866100,,,,,,
17031818700,,,,,,
17031817600,,,,,,
17031815800,,,,,,
17031811500,,,,,,
17031770700,,,,,,
17031760801,,,,,,
17031760803,,,,,,
17031770800,,,,,,
17031811701,,,,,,
17031805702,,,,,,
17089852803,,,,,,
17043846105,,,,,,
17031818500,,,,,,
17031819000,,,,,,
17031818300,,,,,,
17031819900,,,,,,
17031820104,,,,,,
17031818900,,,,,,
17031820000,,,,,,
17043840201,,,,,,
17031770202,,,,,,
17031770300,,,,,,
17031770400,,,,,,
17031770500,,,,,,
17043840802,,,,,,
17043840000,,,,,,
17031805111,,,,,,
17031804804,,,,,,
17031804806,,,,,,
17031804803,,,,,,
17031804810,,,,,,
17031804611,,,,,,
17031804606,,,,,,
17031804609,,,,,,
17031804809,,,,,,
17043841323,,,,,,
17043841114,,,,,,
17043841111,,,,,,
17043841103,,,,,,
17043841004,,,,,,
17031804505,,,,,,
17031804508,,,,,,
17031804306,,,,,,
17031804509,,,,,,
17089854900,,,,,,
17089851801,,,,,,
17043841310,,,,,,
17031804507,,,,,,
17043841316,,,,,,
17031804506,,,,,,
17031804603,,,,,,
17031805105,,,,,,
17031805107,,,,,,
17031805108,,,,,,
17031804901,,,,,,
17031806103,,,,,,
17031805109,,,,,,
17031803500,,,,,,
17031803300,,,,,,
17031803200,,,,,,
17031804404,,,,,,
17089851000,,,,,,
17089850106,,,,,,
17089850600,,,,,,
17089851301,,,,,,
17089850103,,,,,,
17089851909,,,,,,
17089851910,,,,,,
17031803605,,,,,,
17031803005,,,,,,
17031803606,,,,,,
17031802801,,,,,,
17031803015,,,,,,
17031802504,,,,,,
17031802701,,,,,,
17031802503,,,,,,
17031802607,,,,,,
17031802900,,,,,,
17031803007,,,,,,
17031803400,,,,,,
17031804105,,,,,,
17031804102,,,,,,
17031804108,,,,,,
17031804106,,,,,,
17031803800,,,,,,
17031803901,,,,,,
17031804000,,,,,,
17031803607,,,,,,
17031804701,,,,,,
17031804711,,,,,,
17031804712,,,,,,
17031804710,,,,,,
17031804713,,,,,,
17097860809,,,,,,
17097860811,,,,,,
17097860806,,,,,,
17097860805,,,,,,
17111870101,,,,,,
17111870402,,,,,,
17097861108,,,,,,
17111870603,,,,,,
17097861611,,,,,,
17097861202,,,,,,
17097861604,,,,,,
17097861010,,,,,,
17097861013,,,,,,
17111870606,,,,,,
17111871209,,,,,,
17097864203,,,,,,
17097864205,,,,,,
17097864411,,,,,,
17097864409,,,,,,
17111870803,,,,,,
17111870809,,,,,,
17111871207,,,,,,
17111871305,,,,,,
17111870905,,,,,,
17111871109,,,,,,
17111871107,,,,,,
17111871208,,,,,,
17111871104,,,,,,
17111871106,,,,,,
17111871108,,,,,,
17111870903,,,,,,
17097864510,,,,,,
17097863904,,,,,,
17097863701,,,,,,
17031803612,,,,,,
17031803010,,,,,,
17097864519,,,,,,
17097864518,,,,,,
17097864505,,,,,,
17097864521,,,,,,
17097864514,,,,,,
17097864512,,,,,,
17111871004,,,,,,
17111871003,,,,,,
17111870904,,,,,,
17089850702,,,,,,
17111871500,,,,,,
17111870902,,,,,,
17007010300,,,,,,
17007010100,,,,,,
17007010200,,,,,,
17007010400,,,,,,
17007010500,,,,,,
17037000200,,,,,,
17037000400,,,,,,
17037000500,,,,,,
17089850703,,,,,,
17089851905,,,,,,
17089850701,,,,,,
17037000100,,,,,,
17037000600,,,,,,
17201000506,,,,,,
17201000513,,,,,,
17201000511,,,,,,
17201003710,,,,,,
17201000514,,,,,,
17201003707,,,,,,
17201000501,,,,,,
17201000401,,,,,,
17201001600,,,,,,
17201000600,,,,,,
17201000402,,,,,,
17201000504,,,,,,
17201000510,,,,,,
17201000512,,,,,,
17201003904,,,,,,
17201004002,,,,,,
17201004001,,,,,,
17201004003,,,,,,
17201003605,,,,,,
17201000200,,,,,,
17201000104,,,,,,
17201003809,,,,,,
17201003808,,,,,,
17201000105,,,,,,
17201003807,,,,,,
17201003805,,,,,,
17201000103,,,,,,
17201000101,,,,,,
17201003300,,,,,,
17201003602,,,,,,
17201003100,,,,,,
17201003400,,,,,,
17201003606,,,,,,
17201003000,,,,,,
17201000300,,,,,,
17201000403,,,,,,
17201003604,,,,,,
17201003500,,,,,,
17201001000,,,,,,
17201001200,,,,,,
17201002800,,,,,,
17201002700,,,,,,
17201001300,,,,,,
17201001100,,,,,,
17201000507,,,,,,
17201002900,,,,,,
17201000502,,,,,,
17201003903,,,,,,
17007010602,,,,,,
17007010601,,,,,,
17111870200,,,,,,
17111870401,,,,,,
17111870301,,,,,,
17111870302,,,,,,
17201003806,,,,,,
17201003711,,,,,,
17201000800,,,,,,
17201002600,,,,,,
17201000700,,,,,,
17201004200,,,,,,
17201004100,,,,,,
17201002301,,,,,,
17201003601,,,,,,
17201003200,,,,,,
17201003801,,,,,,
17201003901,,,,,,
17201004300,,,,,,
17141960900,,,,,,
17141961000,,,,,,
17141961400,,,,,,
17141960700,,,,,,
17201003706,,,,,,
17141961300,,,,,,
17141961700,,,,,,
17037000300,,,,,,
17141961200,,,,,,
17141960800,,,,,,
17177001200,,,,,,
17177001300,,,,,,
17177000600,,,,,,
17177000700,,,,,,
17141961500,,,,,,
17177000800,,,,,,
17177000400,,,,,,
17015960500,,,,,,
17015960100,,,,,,
17177001000,,,,,,
17177000500,,,,,,
17177000900,,,,,,
17177001100,,,,,,
17195000300,,,,,,
17195001100,,,,,,
17195001200,,,,,,
17089853008,,,,,,
17195001300,,,,,,
17195000900,,,,,,
17195001000,,,,,,
17085020401,,,,,,
17177000300,,,,,,
17177000200,,,,,,
17177000100,,,,,,
17085020100,,,,,,
17085020300,,,,,,
17015960300,,,,,,
17085020402,,,,,,
17085020500,,,,,,
17015960200,,,,,,
17015960400,,,,,,
17195000200,,,,,,
17015960600,,,,,,
17097865802,,,,,,
17097865801,,,,,,
17097865502,,,,,,
17097865700,,,,,,
17031800100,,,,,,
17097864601,,,,,,
17097863500,,,,,,
17097865200,,,,,,
17097865501,,,,,,
17097865000,,,,,,
17031802402,,,,,,
17097864522,,,,,,
17097864802,,,,,,
17031801605,,,,,,
17097864903,,,,,,
17097864904,,,,,,
17031801701,,,,,,
17097863702,,,,,,
17097863005,,,,,,
17097863100,,,,,,
17097863003,,,,,,
17097863601,,,,,,
17097863603,,,,,,
17097863604,,,,,,
17097863201,,,,,,
17097863006,,,,,,
17097864002,,,,,,
17097864001,,,,,,
17097864511,,,,,,
17097863903,,,,,,
17097863902,,,,,,
17097863801,,,,,,
17097866200,,,,,,
17097864513,,,,,,
17031803611,,,,,,
17031803012,,,,,,
17031803016,,,,,,
17031803013,,,,,,
17097864516,,,,,,
17097864515,,,,,,
17097864520,,,,,,
17097864517,,,,,,
17031802403,,,,,,
17031804511,,,,,,
17031804510,,,,,,
17031804309,,,,,,
17031804308,,,,,,
17031804305,,,,,,
17043841325,,,,,,
17043841322,,,,,,
17043841321,,,,,,
17043841318,,,,,,
17043841314,,,,,,
17043841315,,,,,,
17043841308,,,,,,
17089851500,,,,,,
17089851600,,,,,,
17031804405,,,,,,
17031804406,,,,,,
17089852003,,,,,,
17089852102,,,,,,
17089852001,,,,,,
17089851907,,,,,,
17043840303,,,,,,
17043840704,,,,,,
17043840304,,,,,,
17043840906,,,,,,
17043840103,,,,,,
17043840202,,,,,,
17043840101,,,,,,
17031770201,,,,,,
17043841109,,,,,,
17043841110,,,,,,
17043841002,,,,,,
17043841003,,,,,,
17043840907,,,,,,
17031804607,,,,,,
17043840901,,,,,,
17043841108,,,,,,
17043841209,,,,,,
17043841112,,,,,,
17043841102,,,,,,
17043841104,,,,,,
17043841113,,,,,,
17031804807,,,,,,
17089852201,,,,,,
17043843400,,,,,,
17043840600,,,,,,
17043843000,,,,,,
17043843900,,,,,,
17043842800,,,,,,
17043840706,,,,,,
17031811800,,,,,,
17043846603,,,,,,
17043846701,,,,,,
17097860807,,,,,,
17097860904,,,,,,
17097860808,,,,,,
17097860906,,,,,,
17097860905,,,,,,
17097860903,,,,,,
17097861107,,,,,,
17097861105,,,,,,
17097861106,,,,,,
17097861607,,,,,,
17097861609,,,,,,
17097861610,,,,,,
17097861603,,,,,,
17097861608,,,,,,
17097861014,,,,,,
17097861011,,,,,,
17097861009,,,,,,
17097861007,,,,,,
17097860810,,,,,,
17097866000,,,,,,
17097861008,,,,,,
17097861012,,,,,,
17111870500,,,,,,
17111870703,,,,,,
17111870605,,,,,,
17111870604,,,,,,
17111870702,,,,,,
17111870704,,,,,,
17111870102,,,,,,
17097861301,,,,,,
17097861304,,,,,,
17097861303,,,,,,
17097861201,,,,,,
17097861404,,,,,,
17097861402,,,,,,
17097861403,,,,,,
17097860500,,,,,,
17097860101,,,,,,
17097860302,,,,,,
17097860104,,,,,,
17097860103,,,,,,
17097860301,,,,,,
17097860400,,,,,,
17097862700,,,,,,
17097862402,,,,,,
17097862200,,,,,,
17097862100,,,,,,
17097862901,,,,,,
17097861509,,,,,,
17097861504,,,,,,
17097862605,,,,,,
17097862800,,,,,,
17097862604,,,,,,
17097862000,,,,,,
17097862902,,,,,,
17097862502,,,,,,
17097862501,,,,,,
17097861508,,,,,,
17097861804,,,,,,
17097861701,,,,,,
17097861506,,,,,,
17097861505,,,,,,
17097861901,,,,,,
17097861902,,,,,,
17097861803,,,,,,
17111871301,,,,,,
17111870807,,,,,,
17111870808,,,,,,
17031803610,,,,,,
17031803701,,,,,,
17031803604,,,,,,
17097864402,,,,,,
17097864408,,,,,,
17097864410,,,,,,
17097864407,,,,,,
17097864412,,,,,,
17097864403,,,,,,
17097864206,,,,,,
17111870812,,,,,,
17097864108,,,,,,
17097864106,,,,,,
17097864105,,,,,,
17097864107,,,,,,
17097864204,,,,,,
17111870810,,,,,,
17097864101,,,,,,
17111870811,,,,,,
17089850201,,,,,,
17111871307,,,,,,
17097864307,,,,,,
17097864303,,,,,,
17097864308,,,,,,
17097864305,,,,,,
17111871402,,,,,,
17097864306,,,,,,
17111871404,,,,,,
17111871304,,,,,,
17111871600,,,,,,
17111871310,,,,,,
17111871206,,,,,,
17111871205,,,,,,
17111871311,,,,,,
17111871306,,,,,,
17111871202,,,,,,
17111871105,,,,,,
17111871201,,,,,,
17089850500,,,,,,
17031804201,,,,,,
17089850400,,,,,,
17089850302,,,,,,
17089850202,,,,,,
17089850101,,,,,,
17089850301,,,,,,
17031802608,,,,,,
17031803100,,,,,,
17031803014,,,,,,
17031802505,,,,,,
17031802506,,,,,,
17031802404,,,,,,
17031803008,,,,,,
17031803017,,,,,,
17031804109,,,,,,
17031803702,,,,,,
17031803603,,,,,,
17031804202,,,,,,
17031803608,,,,,,
17031804104,,,,,,
17031804808,,,,,,
17031804610,,,,,,
17031804608,,,,,,
17031804716,,,,,,
17031804715,,,,,,
17031804706,,,,,,
17031804714,,,,,,
17031804705,,,,,,
17031804709,,,,,,
17031804805,,,,,,
17031804310,,,,,,
17089850800,,,,,,
17089851302,,,,,,
17031804311,,,,,,
17031804403,,,,,,
17089851908,,,,,,
17089851101,,,,,,
17089851400,,,,,,
17089851102,,,,,,
17089854600,,,,,,
17089851904,,,,,,
17089850105,,,,,,
17031805112,,,,,,
17031805002,,,,,,
17031805001,,,,,,
17031805110,,,,,,
17031802802,,,,,,
17031803902,,,,,,
17031805106,,,,,,
17031120300,,,,,,
17031140601,,,,,,
17031140200,,,,,,
17031040300,,,,,,
17031020601,,,,,,
17031020302,,,,,,
17031040201,,,,,,
17031030101,,,,,,
17031020901,,,,,,
17031020902,,,,,,
17031010502,,,,,,
17031020400,,,,,,
17031010702,,,,,,
17031010202,,,,,,
17031800900,,,,,,
17031807500,,,,,,
17031809000,,,,,,
17031801300,,,,,,
17031809100,,,,,,
17031809700,,,,,,
17031809800,,,,,,
17031809400,,,,,,
17031805401,,,,,,
17031805202,,,,,,
17031808301,,,,,,
17031801902,,,,,,
17031805201,,,,,,
17031801608,,,,,,
17031031502,,,,,,
17031031800,,,,,,
17031031100,,,,,,
17031030701,,,,,,
17031090300,,,,,,
17031100700,,,,,,
17031100100,,,,,,
17031150401,,,,,,
17031110400,,,,,,
17031100500,,,,,,
17031810400,,,,,,
17031770601,,,,,,
17031806400,,,,,,
17031804902,,,,,,
17031806201,,,,,,
17031806004,,,,,,
17031806104,,,,,,
17031806202,,,,,,
17031817000,,,,,,
17031816401,,,,,,
17031817200,,,,,,
17031801607,,,,,,
17031802605,,,,,,
17031802609,,,,,,
17031801603,,,,,,
17031802702,,,,,,
17031760802,,,,,,
17043840801,,,,,,
17031980000,,,,,,
17031806600,,,,,,
17031770602,,,,,,
17031805501,,,,,,
17031805801,,,,,,
17031806502,,,,,,
17031805701,,,,,,
17197883210,,,,,,
17197883214,,,,,,
17197880414,,,,,,
17197880420,,,,,,
17197880421,,,,,,
17197880417,,,,,,
17197883213,,,,,,
17197883209,,,,,,
17197880412,,,,,,
17197883208,,,,,,
17197880903,,,,,,
17197980100,,,,,,
17197880901,,,,,,
17197884103,,,,,,
17197880507,,,,,,
17197884101,,,,,,
17197880702,,,,,,
17197881007,,,,,,
17197880601,,,,,,
17197881301,,,,,,
17197881115,,,,,,
17197880602,,,,,,
17197882400,,,,,,
17197883515,,,,,,
17197881108,,,,,,
17197882200,,,,,,
17063000800,,,,,,
17197884003,,,,,,
17197883305,,,,,,
17197883306,,,,,,
17197883212,,,,,,
17063000900,,,,,,
17197883303,,,,,,
17063000102,,,,,,
17197881700,,,,,,
17197881302,,,,,,
17197881500,,,,,,
17197881402,,,,,,
17197881604,,,,,,
17197881401,,,,,,
17197881603,,,,,,
17197881800,,,,,,
17197883307,,,,,,
17197882900,,,,,,
17197882602,,,,,,
17197882701,,,,,,
17197882000,,,,,,
17197882500,,,,,,
17197883000,,,,,,
17197882300,,,,,,
17197882801,,,,,,
17091010702,,,,,,
17091012000,,,,,,
17091010602,,,,,,
17091010601,,,,,,
17091010701,,,,,,
17197881109,,,,,,
17197883304,,,,,,
17091010400,,,,,,
17091011400,,,,,,
17075950200,,,,,,
17091012600,,,,,,
17091011200,,,,,,
17091012400,,,,,,
17091012200,,,,,,
17091011500,,,,,,
17091012300,,,,,,
17091012100,,,,,,
17091012500,,,,,,
17031830100,,,,,,
17031829302,,,,,,
17031843100,,,,,,
17031841500,,,,,,
17031271500,,,,,,
17031271200,,,,,,
17031270500,,,,,,
17031836900,,,,,,
17031260100,,,,,,
17031836800,,,,,,
17031837100,,,,,,
17031070400,,,,,,
17031062200,,,,,,
17031831900,,,,,,
17031061500,,,,,,
17031050600,,,,,,
17031060500,,,,,,
17031032100,,,,,,
17031310800,,,,,,
17031283100,,,,,,
17031243100,,,,,,
17031831000,,,,,,
17031832500,,,,,,
17031210700,,,,,,
17031210800,,,,,,
17031210100,,,,,,
17031220500,,,,,,
17031221200,,,,,,
17031221600,,,,,,
17031231100,,,,,,
17031230800,,,,,,
17031240700,,,,,,
17031222600,,,,,,
17031242700,,,,,,
17197883606,,,,,,
17031830007,,,,,,
17031830201,,,,,,
17031830300,,,,,,
17031830202,,,,,,
17031830006,,,,,,
17031830400,,,,,,
17031220701,,,,,,
17031160502,,,,,,
17031160800,,,,,,
17031220601,,,,,,
17031221100,,,,,,
17147954700,,,,,,
17139976900,,,,,,
17041952300,,,,,,
17019010900,,,,,,
17041952400,,,,,,
17041952100,,,,,,
17041952200,,,,,,
17019001205,,,,,,
17019001204,,,,,,
17019001201,,,,,,
17019001203,,,,,,
17019001000,,,,,,
17019001302,,,,,,
17019001301,,,,,,
17019001400,,,,,,
17019005300,,,,,,
17019005402,,,,,,
17019000700,,,,,,
17019000200,,,,,,
17019006000,,,,,,
17019005701,,,,,,
17173959100,,,,,,
17021958600,,,,,,
17139977000,,,,,,
17115002500,,,,,,
17115002602,,,,,,
17115002700,,,,,,
17115002100,,,,,,
17115001100,,,,,,
17115002401,,,,,,
17115002402,,,,,,
17115002300,,,,,,
17115002200,,,,,,
17147954800,,,,,,
17115003000,,,,,,
17107953600,,,,,,
17115001802,,,,,,
17115001600,,,,,,
17115002902,,,,,,
17115000900,,,,,,
17115002601,,,,,,
17167003801,,,,,,
17167003700,,,,,,
17167003802,,,,,,
17167004000,,,,,,
17021958100,,,,,,
17167003902,,,,,,
17115001500,,,,,,
17115002000,,,,,,
17115001801,,,,,,
17115002800,,,,,,
17167001600,,,,,,
17167000504,,,,,,
17167000700,,,,,,
17167003601,,,,,,
17129010200,,,,,,